INSERT INTO op_persona VALUES (77111222,'Kevin','Mamani','Condori','1996-05-14','M','Calle-A','Arequipa','Puente-A');
INSERT INTO op_persona VALUES (77111223,'Raul','Mamani','Quispe','1992-05-01','M','Calle-B','Arequipa','Puente-A');
INSERT INTO op_persona VALUES (77111224,'Andrea','Moroco','Zegarra','1990-03-14','M','Calle-C','Arequipa','Puente-A');
INSERT INTO op_persona VALUES (77111225,'Alex','Ccama','Fernandez','1996-05-28','M','Calle-D','Arequipa','Puente-B');
INSERT INTO op_persona VALUES (77111226,'Luis','Quispe','Condori','1989-01-14','M','Calle-E','Arequipa','Puente-B');
INSERT INTO op_persona VALUES (77111227,'Maximo','Zevallos','Torres','1999-05-01','M','Calle-F','Arequipa','Puente-B');
INSERT INTO op_persona VALUES (77111228,'Kevin','Chuctaya','Flores','1996-04-10','M','Calle-G','Arequipa','Puente-C');
INSERT INTO op_persona VALUES (77111229,'Maria','Barreda','Mesa','1978-05-28','M','Calle-H','Arequipa','Puente-C');
INSERT INTO op_persona VALUES (77111221,'Alexandra','Medina','Aco','1999-09-12','M','Calle-I','Arequipa','Puente-C');
INSERT INTO op_persona VALUES (77111231,'Dayana','Acosta','Flores','1993-03-25','M','Calle-J','Arequipa','Puente-D');
INSERT INTO op_persona VALUES (77111242,'Saul','Aguirre','Ramos','1992-02-14','M','Calle-K','Arequipa','Puente-D');
INSERT INTO op_persona VALUES (77111252,'Hermogenes','Quispe','Menor','1996-01-14','M','Calle-L','Arequipa','Puente-D');
INSERT INTO op_persona VALUES (77111262,'Gino','Fernandez','Mamani','2000-11-19','M','Calle-M','Arequipa','Puente-E');
INSERT INTO op_persona VALUES (77111272,'Efrain','Lopez','Mamani','1998-06-13','M','Calle-N','Arequipa','Puente-E');
INSERT INTO op_persona VALUES (77111282,'Jose','Ccari','Quispe','1991-10-29','M','Calle-O','Arequipa','Puente-E');

INSERT INTO op_telefono_persona VALUES (77111222,999000001);
INSERT INTO op_telefono_persona VALUES (77111223,999000002);
INSERT INTO op_telefono_persona VALUES (77111224,999000003);
INSERT INTO op_telefono_persona VALUES (77111225,999000004);
INSERT INTO op_telefono_persona VALUES (77111226,999000005);
INSERT INTO op_telefono_persona VALUES (77111227,999000006);
INSERT INTO op_telefono_persona VALUES (77111228,999000007);
INSERT INTO op_telefono_persona VALUES (77111229,999000008);
INSERT INTO op_telefono_persona VALUES (77111221,999000009);
INSERT INTO op_telefono_persona VALUES (77111231,null);
INSERT INTO op_telefono_persona VALUES (77111242,999000011);
INSERT INTO op_telefono_persona VALUES (77111252,999000012);
INSERT INTO op_telefono_persona VALUES (77111262,999000013);
INSERT INTO op_telefono_persona VALUES (77111272,999000014);
INSERT INTO op_telefono_persona VALUES (77111282,999000015);

INSERT INTO op_tienda VALUES (101010,'AQP-AS','Arequipa','Arequipa','Calle-AA',101,'Est. A',1001);
INSERT INTO op_tienda VALUES (101011,'AQP-BS','Arequipa','Arequipa','Calle-AB',102,'Est. B',null);
INSERT INTO op_tienda VALUES (101012,'AQP-CS','Arequipa','Arequipa','Calle-AC',103,'Est. C',null);
INSERT INTO op_tienda VALUES (101013,'AQP-DS','Arequipa','Arequipa','Calle-AD',104,'Est. D',null);
INSERT INTO op_tienda VALUES (101014,'AQP-AN','Arequipa','Arequipa','Calle-AE',105,'Est. E',null);
INSERT INTO op_tienda VALUES (101015,'AQP-BN','Arequipa','Arequipa','Calle-AF',106,'Est. F',null);
INSERT INTO op_tienda VALUES (101016,'AQP-CN','Arequipa','Arequipa','Calle-AG',107,'Est. G',null);
INSERT INTO op_tienda VALUES (101017,'AQP-DN','Arequipa','Arequipa','Calle-AH',108,'Est. H',null);
INSERT INTO op_tienda VALUES (101018,'AQP-AO','Arequipa','Arequipa','Calle-AI',109,'Est. I',null);
INSERT INTO op_tienda VALUES (101019,'AQP-BO','Arequipa','Arequipa','Calle-AJ',201,'Est. J',null);
INSERT INTO op_tienda VALUES (101021,'AQP-CO','Arequipa','Arequipa','Calle-AK',202,'Est. K',null);
INSERT INTO op_tienda VALUES (101022,'AQP-DO','Arequipa','Arequipa','Calle-AL',203,'Est. L',null);
INSERT INTO op_tienda VALUES (101023,'AQP-AE','Arequipa','Arequipa','Calle-AM',204,'Est. M',null);
INSERT INTO op_tienda VALUES (101024,'AQP-BE','Arequipa','Arequipa','Calle-AN',205,'Est. N',null);
INSERT INTO op_tienda VALUES (101025,'AQP-CE','Arequipa','Arequipa','Calle-AO',206,'Est. O',null);

INSERT INTO op_cliente VALUES (77111222);
INSERT INTO op_cliente VALUES (77111223);
INSERT INTO op_cliente VALUES (77111224);
INSERT INTO op_cliente VALUES (77111225);
INSERT INTO op_cliente VALUES (77111226);
INSERT INTO op_cliente VALUES (77111227);
INSERT INTO op_cliente VALUES (77111228);
INSERT INTO op_cliente VALUES (77111229);
INSERT INTO op_cliente VALUES (77111221);
INSERT INTO op_cliente VALUES (77111231);

INSERT INTO op_cuenta VALUES ('KevMC@gmail.com','Kevin','MC',1010,77111222);
INSERT INTO op_cuenta VALUES ('RauMQ@gmail.com','Raul','MQ',1011,77111223);
INSERT INTO op_cuenta VALUES ('andmz@gmail.com','Andrea','MZ',1012,77111224);
INSERT INTO op_cuenta VALUES ('alecf@gmail.com','Alex','CF',1013,77111225);
INSERT INTO op_cuenta VALUES ('luiqc@gmail.com','Luis','QC',1014,77111226);
INSERT INTO op_cuenta VALUES ('maxzt@gmail.com','Maximo','ZT',1015,77111227);
INSERT INTO op_cuenta VALUES ('kevcf@gmail.com','Kevin','CF',1016,77111228);
INSERT INTO op_cuenta VALUES ('marbm@gmail.com','Maria','BM',1017,77111229);
INSERT INTO op_cuenta VALUES ('alema@gmail.com','Alexandra','MA',1018,77111221);
INSERT INTO op_cuenta VALUES ('dayaf@gmail.com','Dayana','AF',1019,77111231);

INSERT INTO op_empleado VALUES (10101,77111242,900,'07:50:00','11:30:00');
INSERT INTO op_empleado VALUES (10102,77111252,1000,'12:50:00','18:30:00');
INSERT INTO op_empleado VALUES (10103,77111262,950,'07:50:00','12:30:00');
INSERT INTO op_empleado VALUES (10104,77111272,1200,'09:50:00','13:30:00');
INSERT INTO op_empleado VALUES (10105,77111282,800,'07:50:00','14:30:00');

INSERT INTO op_vendedor VALUES (10101,77111242);
INSERT INTO op_vendedor VALUES (10102,77111252);
INSERT INTO op_vendedor VALUES (10103,77111262);

INSERT INTO op_guardia VALUES (10104,77111272);
INSERT INTO op_guardia VALUES (10105,77111282);

INSERT INTO op_administrador VALUES (1001,40001111,'admin1@gmail.com',457);--insertado por medio de la pagina

INSERT INTO op_productos VALUES (9001,1300,20,null);
INSERT INTO op_productos VALUES (9002,2300,10,null);
INSERT INTO op_productos VALUES (9003,1800,5,null);
INSERT INTO op_productos VALUES (9004,1200,5,null);
INSERT INTO op_productos VALUES (9005,1700,20,null);
INSERT INTO op_productos VALUES (9006,2100,30,null);
INSERT INTO op_productos VALUES (9007,4800,10,null);
INSERT INTO op_productos VALUES (9008,1000,50,null);
INSERT INTO op_productos VALUES (9009,3000,5,null);
INSERT INTO op_productos VALUES (9010,2500,10,null);
INSERT INTO op_productos VALUES (9011,2500,30,null);
INSERT INTO op_productos VALUES (9012,2400,40,null);
INSERT INTO op_productos VALUES (9013,2000,20,null);
INSERT INTO op_productos VALUES (9014,1700,20,null);
INSERT INTO op_productos VALUES (9015,1300,20,null);

INSERT INTO op_laptops VALUES (9001,'500GB',18.5,'Intel Core i5','Windows',4.5,8,'NVIDIA','ASUS');
INSERT INTO op_laptops VALUES (9002,'500GB',16.5,'Intel Core i3','Windows',4.5,8,'NVIDIA','HP');
INSERT INTO op_laptops VALUES (9003,'256GB',21.5,'AMD','Windows',3.5,8,'NVIDIA','LENOVO');
INSERT INTO op_laptops VALUES (9004,'256GB',20.5,'Intel Core i5','Windows',4.5,16,'NVIDIA','ASUS');
INSERT INTO op_laptops VALUES (9005,'256GB',18.5,'Intel Core i5','Windows',4.5,8,'NVIDIA','HP');
INSERT INTO op_laptops VALUES (9006,'1TB',18.5,'Intel Core i9','Windows',4.5,8,'NVIDIA','LENOVO');
INSERT INTO op_laptops VALUES (9007,'500GB',19.5,'AMD','Windows',3.5,8,'NVIDIA','HP');
INSERT INTO op_laptops VALUES (9008,'500GB',16.5,'Intel Core i5','Windows',4.5,16,'NVIDIA','ASUS');
INSERT INTO op_laptops VALUES (9009,'1TB',19.5,'AMD','Windows',4.5,8,'NVIDIA','ASUS');
INSERT INTO op_laptops VALUES (9010,'1TB',20.5,'Intel Core i5','Windows',3.5,8,'NVIDIA','LENOVO');

INSERT INTO op_parlantes VALUES (9011,'Sony');
INSERT INTO op_parlantes VALUES (9012,'Sony');
INSERT INTO op_parlantes VALUES (9013,'Micronics');

INSERT INTO op_auriculares VALUES (9014,'Sony');
INSERT INTO op_auriculares VALUES (9015,'Micronics');

INSERT INTO op_camara_seguridad VALUES (11111,101010);
INSERT INTO op_camara_seguridad VALUES (22222,101010);
INSERT INTO op_camara_seguridad VALUES (33333,101010);